,Dns_SMILES,Experimental_RT,Predicted_RT
11,O=C(N1)C2=C(N=C1NS(C3=CC=CC4=C(N(C)C)C=CC=C43)(=O)=O)N(C=N2)[C@@H]([C@H](O)[C@@H]5O)O[C@@H]5COP(O)(O)=O,1.15,3.51
5,O=P(O)(OCC[N+](C)(C)C)OP(O)(OC[C@@H]1[C@@H](O)[C@@H](O)[C@H](N2C(N=C(NS(C3=CC=CC4=C(N(C)C)C=CC=C43)(=O)=O)C=C2)=O)O1)=O,1.28,3.08
3,O=P(O)(OCC[N+](C)(C)C)OP(O)(OC[C@@H]1[C@@H](OS(C2=CC=CC3=C(N(C)C)C=CC=C32)(=O)=O)[C@@H](O)[C@H](N4C(N=C(N)C=C4)=O)O1)=O,1.48,2.95
4,O[C@@H]1[C@H](O)[C@@H](COP(OP(O)(O)=O)(O)=O)O[C@H]1N2C=NC3=C2N=CN=C3NS(C4=CC=CC5=C(N(C)C)C=CC=C54)(=O)=O,1.49,2.96
0,OC(P(O)(O)=O)(CCCNS(C1=CC=CC2=C(N(C)C)C=CC=C21)(=O)=O)P(O)(O)=O,1.59,2.74
7,O[C@H]1[C@H](O)[C@@H](NS(C2=CC=CC3=C(N(C)C)C=CC=C32)(=O)=O)[C@@H](O)O[C@@H]1COP(O)(O)=O,1.6,3.16
38,O=S(CC[C@@H](C(O)=O)NS(C1=CC=CC2=C(N(C)C)C=CC=C21)(=O)=O)(O)=O,1.64,4.74
6,O=C(O)C(NS(C1=CC=CC2=C(N(C)C)C=CC=C21)(=O)=O)CP(O)(O)=O,1.69,3.13
18,CN(C)C1=C(C=CC=C2S(=O)(NC3=C4N=CN(C4=NC=N3)[C@H]5O[C@H]([C@@H]([C@@H]5O)O)COP(O)(O)=O)=O)C2=CC=C1,1.75,3.8
8,O[C@H]([C@@H](COS(O)(=O)=O)O[C@H]1O)[C@@H]([C@H]1NS(C2=CC=CC3=C(N(C)C)C=CC=C32)(=O)=O)O,1.79,3.36
2,O[C@H]1[C@H](N2C(N=C(N)C=C2)=O)O[C@H](COP(O)(O)=O)[C@H]1OS(C3=CC=CC4=C(N(C)C)C=CC=C43)(=O)=O,1.88,2.95
1,CN(C)C1=C(C=CC=C2S(=O)(NCCOP(O)(O)=O)=O)C2=CC=C1,2.02,2.83
22,OC1=NC(O)NC2=C1N(S(C3=CC=CC4=C(N(C)C)C=CC=C43)(=O)=O)C=N2,2.12,4.05
36,OC[C@H]([C@H]1O)O[C@H]([C@@H]1O)N2C3=C(N=C2)C(NC(NS(C4=CC=CC5=C(N(C)C)C=CC=C54)(=O)=O)=N3)=O,2.22,4.66
34,O=S(CCNS(C1=CC=CC2=C(N(C)C)C=CC=C21)(=O)=O)(O)=O,2.24,4.6
39,OC(CC[C@@H](C(O)=O)NCCCC[C@H](NS(C1=CC=CC2=C(N(C)C)C=CC=C21)(=O)=O)C(O)=O)=O,2.26,4.83
19,O=C([C@H](CCCNC(N)=N)NS(C1=CC=CC2=C(N(C)C)C=CC=C21)(=O)=O)O,2.44,3.84
40,OS(CCNS(C1=CC=CC2=C(N(C)C)C=CC=C21)(=O)=O)=O,2.47,4.89
20,CN(C)C1=C(C=CC=C2S(=O)(NCCCN)=O)C2=CC=C1,2.63,3.91
13,NC(N(S(C1=CC=CC2=C(N(C)C)C=CC=C21)(=O)=O)CC(O)=O)=N,2.74,3.56
10,OC([C@H](CC(O)=O)NC(NS(C1=CC=CC2=C(N(C)C)C=CC=C21)(=O)=O)=N)=O,2.81,3.48
12,O[C@H]1[C@H](N2C(N=C(NS(C3=CC=CC4=C(N(C)C)C=CC=C43)(=O)=O)C=C2)=O)O[C@H](COP(O)(O)=O)[C@H]1O,2.87,3.55
32,O[C@H]1[C@H](N2C(N=C(NS(C3=CC=CC4=C(N(C)C)C=CC=C43)(=O)=O)C(C)=C2)=O)O[C@H](CO)[C@H]1O,2.94,4.51
9,OC([C@@H](N)CCCCN(S(C1=CC=CC2=C(N(C)C)C=CC=C21)(=O)=O)C(N)=N)=O,3,3.41
17,NC(NS(C1=CC=CC2=C(N(C)C)C=CC=C21)(=O)=O)=N,3,3.73
30,OC([C@H](CC(N)=O)NS(C1=CC=CC2=C(N(C)C)C=CC=C21)(=O)=O)=O,3,4.45
15,OC(CN(C)C(NS(C1=CC=CC2=C(N(C)C)C=CC=C21)(=O)=O)=N)=O,3.02,3.58
21,CN/C(NCCC[C@@H](C(O)=O)NS(C1=CC=CC2=C(N(C)C)C=CC=C21)(=O)=O)=N\C,3.05,3.91
52,CN1C(CCNS(C2=CC=CC3=C(N(C)C)C=CC=C32)(=O)=O)=CN=C1,3.27,6.92
45,NC(CC[C@H](NS(C1=CC=CC2=C(N(C)C)C=CC=C21)(=O)=O)C(O)=O)=O,3.32,5.94
46,OC([C@@H](CCC(N)=O)NS(C1=CC=CC2=C(N(C)C)C=CC=C21)(=O)=O)=O,3.32,5.94
16,CN(C)C1=C(C=CC=C2S(=O)(NCC(NCC(NCC(NCC(O)=O)=O)=O)=O)=O)C2=CC=C1,3.39,3.68
43,OC([C@@H](NS(C1=CC=CC2=C(N(C)C)C=CC=C21)(=O)=O)CCC(N[C@H](C(O)=O)CCC(O)=O)=O)=O,3.44,5.48
33,OC(CCCNC(NS(C1=CC=CC2=C(N(C)C)C=CC=C21)(=O)=O)=N)=O,3.65,4.51
65,CS(CC[C@H](NS(C1=CC=CC2=C(N(C)C)C=CC=C21)(=O)=O)C(O)=O)=O,3.72,7.68
24,NC(NCCC[C@H](NS(C1=CC=CC2=C(N(C)C)C=CC=C21)(=O)=O)C(O)=O)=O,3.74,4.11
25,N=C(NS(C1=CC=CC2=C(N(C)C)C=CC=C21)(=O)=O)NC,3.84,4.12
31,O[C@H]1[C@H](N2C3=NC=NC(NS(C4=CC=CC5=C(N(C)C)C=CC=C54)(=O)=O)=C3N=C2)O[C@H](CO)[C@H]1O,3.94,4.48
48,OCC[C@@H](C(O)=O)NS(C1=CC=CC2=C(N(C)C)C=CC=C21)(=O)=O,4.05,6.28
70,CS(CC[C@H](N)C(OS(C1=CC=CC2=C(N(C)C)C=CC=C21)(=O)=O)=O)=O,4.2,7.99
37,OC([C@@H](NS(C1=CC=CC2=C(N(C)C)C=CC=C21)(=O)=O)CO)=O,4.4,4.7
29,OC([C@@H](NS(C1=CC=CC2=C(N(C)C)C=CC=C21)(=O)=O)CCCCNC(N)=O)=O,4.47,4.29
14,NC(NCCCCNS(C1=CC=CC2=C(N(C)C)C=CC=C21)(=O)=O)=N,4.52,3.56
27,O[C@H]1C[C@@H](O[C@@H]1COP(O)(O)=O)N(C=N2)C3=C2C(NS(C4=CC=CC5=C(N(C)C)C=CC=C54)(=O)=O)=NC=N3,4.58,4.16
23,O=C1N(C=CC(NS(C2=CC=CC3=C(N(C)C)C=CC=C32)(=O)=O)=N1)[C@@H](C[C@@H]4O)O[C@@H]4COP(O)(O)=O,4.66,4.07
63,OC(CC[C@H](NS(C1=CC=CC2=C(N(C)C)C=CC=C21)(=O)=O)C(O)=O)=O,5.05,7.56
44,OC([C@H](CC(O)=O)NS(C1=CC=CC2=C(N(C)C)C=CC=C21)(=O)=O)=O,5.16,5.64
76,OC([C@@H]1C[C@@H](O)CN1S(C2=CC=CC3=C(N(C)C)C=CC=C32)(=O)=O)=O,5.17,8.2
35,OCCN(S(C1=CC=CC2=C(N(C)C)C=CC=C21)(=O)=O)CCO,5.49,4.6
26,O[C@@H]1[C@@H](COP(O)(O)=O)O[C@H](C1)N2C3=C(N=C2)C(NC(NS(C4=CC=CC5=C(N(C)C)C=CC=C54)(=O)=O)=N3)=O,5.57,4.15
82,O=C(OC1=O)CC[C@H]1NCCCC[C@H](NS(C2=CC=CC3=C(N(C)C)C=CC=C32)(=O)=O)C(O)=O,5.65,8.38
74,O=C(O)[C@H](CCCCNC(C)=O)NS(C1=CC=CC2=C(N(C)C)C=CC=C21)(=O)=O,5.71,8.1
47,O=C([C@H]([C@@H](C)O)NS(C1=CC=CC2=C(N(C)C)C=CC=C21)(=O)=O)O,5.79,6.05
93,CN(C)C1=C(C=CC=C2S(=O)(N)=O)C2=CC=C1,5.82,9.14
49,O[C@@H]([C@H](N1C=C(C)C(N(S(C2=CC=CC3=C(N(C)C)C=CC=C32)(=O)=O)C1=O)=O)O[C@@H]4CO)[C@@H]4O,5.85,6.83
28,O[C@H]1[C@H](N2C=CC(NS(C3=CC=CC4=C(N(C)C)C=CC=C43)(=O)=O)=NC2=O)O[C@H](CO)[C@H]1O,5.87,4.17
78,O=C(O)[C@@H](NS(C1=CC=CC2=C(N(C)C)C=CC=C21)(=O)=O)CCCC(O)=O,5.97,8.3
42,O[C@H]1[C@H](N2C(N=C(N)C(C)=C2)=O)O[C@H](CO)[C@H]1OS(C3=CC=CC4=C(N(C)C)C=CC=C43)(=O)=O,5.98,5.28
41,OCCNS(C1=CC=CC2=C(N(C)C)C=CC=C21)(=O)=O,6,5.18
55,O=C1C2=NC([C@@H](O)[C@@H](O)C)=CNC2=NC(NS(C3=CC=CC4=C(N(C)C)C=CC=C43)(=O)=O)=N1,6.03,7.25
80,O=C(NC(CCC(O)=O)C(O)=O)C(C=C1)=CC=C1NCC2=NC3=C(N=C2)N=C(NS(C4=CC=CC5=C(N(C)C)C=CC=C54)(=O)=O)N=C3N,6.06,8.32
95,OC1=C(OS(C2=CC=CC3=C(N(C)C)C=CC=C32)(=O)=O)C=C([C@@H](O)CNC)C=C1,6.19,9.16
88,O=C(NC1=O)[C@@H](C1)NS(C2=CC=CC3=C(N(C)C)C=CC=C32)(=O)=O,6.4,8.69
53,OC(CNS(C1=CC=CC2=C(N(C)C)C=CC=C21)(=O)=O)=O,6.59,6.94
58,OC([C@H](CCCCNC(CCCC[C@@H]1SC[C@]2([H])NC(N[C@]12[H])=O)=O)NS(C3=CC=CC4=C(N(C)C)C=CC=C43)(=O)=O)=O,6.72,7.41
64,CC(N[C@H](C(O)=O)CCCCNS(C1=CC=CC2=C(N(C)C)C=CC=C21)(=O)=O)=O,6.79,7.57
51,O=C([C@@H](NS(C1=CC=CC2=C(N(C)C)C=CC=C21)(=O)=O)CCCNC(N)=N)N[C@H](C(O)=O)CC3=CC=CC=C3,6.8,6.9
83,O[C@@H]1[C@H](O)[C@@H](CSC)O[C@H]1N2C=NC3=C2N=CN=C3NS(C4=CC=CC5=C(N(C)C)C=CC=C54)(=O)=O,6.97,8.38
62,O=C(N1CCC[C@H]1C(O)=O)CNS(C2=CC=CC3=C(N(C)C)C=CC=C32)(=O)=O,7.17,7.54
91,OC1=C(OS(C2=CC=CC3=C(N(C)C)C=CC=C32)(=O)=O)C=CC([C@@H](O)CNC)=C1,7.2,8.85
57,OC(CCNS(C1=CC=CC2=C(N(C)C)C=CC=C21)(=O)=O)=O,7.24,7.35
66,O=C(C)NCCCCNS(C1=CC=CC2=C(N(C)C)C=CC=C21)(=O)=O,7.25,7.76
114,O[C@H]([C@@H]1O)[C@H](N2C=CC(NS(C3=CC=CC4=C(N(C)C)C=CC=C43)(=O)=O)=NC2=O)OC1=C,7.38,9.86
79,OC([C@@H](CC(O)=O)N(S(C1=CC=CC2=C(N(C)C)C=CC=C21)(=O)=O)C)=O,7.53,8.31
68,OC([C@@H](NS(C1=CC=CC2=C(N(C)C)C=CC=C21)(=O)=O)C)=O,7.57,7.96
98,O=C1N=CC=C(NS(C2=CC=CC3=C(N(C)C)C=CC=C32)(=O)=O)N1,7.58,9.33
81,O=C(CNS(C1=CC=CC2=C(N(C)C)C=CC=C21)(=O)=O)CCC(O)=O,7.59,8.35
77,CN(C)C1=C(C=CC=C2S(=O)(N[C@H](C(NCC(NCC(O)=O)=O)=O)CC3=CNC4=CC=CC=C43)=O)C2=CC=C1,7.6,8.28
71,O=C([C@H](CCCCNS(C1=CC=CC2=C(N(C)C)C=CC=C21)(=O)=O)N[C@H](C(O)=O)CCC3=CC=CC=C3)N4[C@H](C(O)=O)CCC4,7.68,8.05
85,OC(CCCNS(C1=CC=CC2=C(N(C)C)C=CC=C21)(=O)=O)=O,7.79,8.53
56,O[C@H]([C@@H]1OS(C2=CC=CC3=C(N(C)C)C=CC=C32)(=O)=O)[C@@H](O[C@@H]1CO)N(C=CC4=O)C(N4)=O,7.84,7.34
84,OC(C(C=C1)=CC(CO)=C1OS(C2=CC=CC3=C(N(C)C)C=CC=C32)(=O)=O)CNC(C)(C)C,8.27,8.39
104,O=C(NC(C(O)=O)CCC(O)=O)C(CC1=CNC2=C1C=CC=C2)NS(C3=CC=CC4=C(N(C)C)C=CC=C43)(=O)=O,8.29,9.48
137,O[C@H](C(C)(C)COS(C1=CC=CC2=C(N(C)C)C=CC=C21)(=O)=O)C(NCCC(O)=O)=O,8.37,11.12
90,O=C(C(C=C1)=CC=C1NS(C2=CC=CC3=C(N(C)C)C=CC=C32)(=O)=O)NCC(O)=O,8.38,8.8
149,CC(C)(C)NCC(C(C=C1)=C2)OCC2=C1OS(C3=CC=CC4=C(N(C)C)C=CC=C43)(=O)=O,8.42,11.73
75,OC[C@H]([C@H]1O)O[C@H](C1)N2C3=C(N=C2)C(NC(NS(C4=CC=CC5=C(N(C)C)C=CC=C54)(=O)=O)=N3)=O,8.49,8.13
67,O[C@@H]([C@H](N1C=C(C)C(NC1=O)=O)O[C@@H]2CO)[C@@H]2OS(C3=CC=CC4=C(N(C)C)C=CC=C43)(=O)=O,8.54,7.77
96,OC1=C(O)C=C([C@@H](O)CN(S(C2=CC=CC3=C(N(C)C)C=CC=C32)(=O)=O)C)C=C1,8.59,9.19
87,O=C(O)[C@@H](NS(C1=CC=CC2=C(N(C)C)C=CC=C21)(=O)=O)CCC(N[C@@H](CS)C(O)=O)=O,8.62,8.63
97,OC(C(C)CNS(C1=CC=CC2=C(N(C)C)C=CC=C21)(=O)=O)=O,8.67,9.21
134,O[C@H]([C@@H]1OS(C2=CC=CC3=C(N(C)C)C=CC=C32)(=O)=O)[C@@H](OC1=C)N(C=CC4=O)C(N4)=O,8.67,10.93
89,OC(CCCCNS(C1=CC=CC2=C(N(C)C)C=CC=C21)(=O)=O)=O,8.68,8.73
72,OC[C@H]([C@H]1O)O[C@H](C1)N2C3=NC=NC(NS(C4=CC=CC5=C(N(C)C)C=CC=C54)(=O)=O)=C3N=C2,8.72,8.06
60,OC1C(O)C(CO)OC1N2C=NC3=C(NS(C4=CC=CC5=C(N(C)C)C=CC=C54)(=O)=O)N=C(NC6=CC=CC=C6)N=C32,8.73,7.45
94,OC1=NC=NC2=C1N(S(C3=CC=CC4=C(N(C)C)C=CC=C43)(=O)=O)C=N2,8.73,9.14
92,CN(C)C(C=CC=C12)=C1C=CC=C2S(=O)(N(C=C(CO)C(N3)=O)C3=O)=O,8.87,8.91
106,O=C([C@@H](NS(C1=CC=CC2=C(N(C)C)C=CC=C21)(=O)=O)CO)N[C@H](C(O)=O)CC(C)C,8.9,9.63
100,CC(NS(C1=CC=CC2=C(N(C)C)C=CC=C21)(=O)=O)(C(O)=O)C,8.91,9.42
86,O=C1N=C(NC(NS(C2=CC=CC3=C(N(C)C)C=CC=C32)(=O)=O)=C1)N,8.95,8.54
102,O=C(N1)C(N(S(C2=CC=CC3=C(N(C)C)C=CC=C32)(=O)=O)C=N4)=C4NC1=O,8.95,9.47
108,OC([C@@H](NS(C1=CC=CC2=C(N(C)C)C=CC=C21)(=O)=O)CC)=O,9.13,9.67
101,O=C(CNS(C1=CC=CC2=C(N(C)C)C=CC=C21)(=O)=O)N[C@H](C(O)=O)C(C)C,9.19,9.44
109,OC([C@H](NS(C1=CC=CC2=C(N(C)C)C=CC=C21)(=O)=O)CC)=O,9.23,9.67
132,O=C1[C@H](CCO1)NS(C2=CC=CC3=C(N(C)C)C=CC=C32)(=O)=O,9.26,10.81
73,CN(S(C1=CC=CC2=C(N(C)C)C=CC=C21)(=O)=O)CC(O)=O,9.34,8.09
103,CSC[C@@H](NS(C1=CC=CC2=C(N(C)C)C=CC=C21)(=O)=O)C(O)=O,9.37,9.48
113,O=C([C@@H](NS(C1=CC=CC2=C(N(C)C)C=CC=C21)(=O)=O)CO)N[C@H](C(O)=O)CC3=CC=CC=C3,9.38,9.83
123,O[C@@H]([C@H](N1C=C(C)C(N(S(C2=CC=CC3=C(N(C)C)C=CC=C32)(=O)=O)C1=O)=O)OC4=C)[C@@H]4O,9.39,10.35
99,OC(CNC([C@@H](NS(C1=CC=CC2=C(N(C)C)C=CC=C21)(=O)=O)CC3=CC=CC=C3)=O)=O,9.43,9.34
133,O=C(O1)CC[C@@H](NS(C2=CC=CC3=C(N(C)C)C=CC=C32)(=O)=O)C1=O,9.46,10.9
105,CCCC(NC(CNS(C1=CC=CC2=C(N(C)C)C=CC=C21)(=O)=O)=O)C(O)=O,9.51,9.53
117,O=C1C(N=C2)=C(N(S(C3=CC=CC4=C(N(C)C)C=CC=C43)(=O)=O)C(N)=N1)NC2=O,9.55,10.02
116,O=C1N(C(NS(C2=CC=CC3=C(N(C)C)C=CC=C32)(=O)=O)=NC4=C1NC=N4)C,9.57,9.94
120,CN(C)C1=C(C=CC=C2S(OC3=NC=NC4=C3NC=N4)(=O)=O)C2=CC=C1,9.65,10.2
154,OC([C@H](CC1=CNC2=C1C=C(C=C2)OC)NS(C3=CC=CC4=C(N(C)C)C=CC=C43)(=O)=O)=O,9.79,12.06
115,CNS(C1=CC=CC2=C(N(C)C)C=CC=C21)(=O)=O,9.82,9.92
124,O=C([C@@H](NS(C1=CC=CC2=C(N(C)C)C=CC=C21)(=O)=O)CC(O)=O)N[C@H](C(O)=O)CC3=CC=CC=C3,10.07,10.41
129,OCC(C=NC(C)=C1OS(C2=CC=CC3=C(N(C)C)C=CC=C32)(=O)=O)=C1CO,10.12,10.71
61,O=C1N=C(NS(C2=CC=CC3=C(N(C)C)C=CC=C32)(=O)=O)NC4=C1N=C(C([C@@H](O)C)=O)CN4,10.14,7.53
126,OC([C@H](CC(C)C)NC([C@@H](NS(C1=CC=CC2=C(N(C)C)C=CC=C21)(=O)=O)[C@H](O)C)=O)=O,10.18,10.46
138,OC([C@@H]1CCCN1S(C2=CC=CC3=C(N(C)C)C=CC=C32)(=O)=O)=O,10.18,11.17
111,OC(CCCCCNS(C1=CC=CC2=C(N(C)C)C=CC=C21)(=O)=O)=O,10.21,9.78
107,O=C1N=C(NS(C2=CC=CC3=C(N(C)C)C=CC=C32)(=O)=O)NC4=C1N(C)C=N4,10.32,9.64
140,O[C@@H]1[C@@H]([C@H](O[C@H]1N2C=NC3=C2N=CN=C3NS(C4=CC=CC5=C(N(C)C)C=CC=C54)(=O)=O)CSCC[C@H](NS(C6=CC=CC7=C(N(C)C)C=CC=C76)(=O)=O)C(O)=O)O,10.52,11.23
171,CN(C)C1=C(C=CC=C2S(NCCCCNCCCNS(C3=CC=CC4=C(N(C)C)C=CC=C43)(=O)=O)(=O)=O)C2=CC=C1,10.54,13.04
136,O=C([C@@H](NS(C1=CC=CC2=C(N(C)C)C=CC=C21)(=O)=O)CC3=CC=CC=C3)N[C@@H](C)C(O)=O,10.58,11.06
166,NCC(OS(C1=CC=CC2=C(N(C)C)C=CC=C21)(=O)=O)C3=CC=CC=C3,10.77,12.84
148,CCC(C(/N=C(O)/CNS(C1=CC=CC2=C(N(C)C)C=CC=C21)(=O)=O)C(O)=O)C,10.78,11.65
155,OC(C[C@@H](C(C)C)NS(C1=CC=CC2=C(N(C)C)C=CC=C21)(=O)=O)=O,10.78,12.16
139,O=C([C@H](C(C)C)NS(C1=CC=CC2=C(N(C)C)C=CC=C21)(=O)=O)O,10.81,11.23
122,O=C1C(N=C2)=C(NC(NS(C3=CC=CC4=C(N(C)C)C=CC=C43)(=O)=O)=N1)NC2=O,10.82,10.34
127,OC([C@@H](NS(C1=CC=CC2=C(N(C)C)C=CC=C21)(=O)=O)CCSC)=O,10.89,10.6
54,N=C(N1CCCC1=O)NS(C2=CC=CC3=C(N(C)C)C=CC=C32)(=O)=O,11,7.04
121,OC(CNC(C1=C(OS(C2=CC=CC3=C(N(C)C)C=CC=C32)(=O)=O)C=CC=C1)=O)=O,11.05,10.25
146,O=C([C@@H](NS(C1=CC=CC2=C(N(C)C)C=CC=C21)(=O)=O)C)N[C@@H](CC3=CNC4=C3C=CC=C4)C(O)=O,11.09,11.6
131,OC(CC1=CN=CN1S(C2=CC=CC3=C(N(C)C)C=CC=C32)(=O)=O)=O,11.12,10.78
128,O=C(O)C(NC(CNS(C1=CC=CC2=C(N(C)C)C=CC=C21)(=O)=O)=O)CC3=CNC4=CC=CC=C43,11.19,10.7
118,O=C(CNS(C1=CC=CC2=C(N(C)C)C=CC=C21)(=O)=O)N[C@H](C(O)=O)CC(C)C,11.22,10.06
135,O=C1N(S(C2=CC=CC3=C(N(C)C)C=CC=C32)(=O)=O)C=CC(N1)=O,11.34,11.04
125,CCCCC(NC(CNS(C1=CC=CC2=C(N(C)C)C=CC=C21)(=O)=O)=O)C(O)=O,11.36,10.43
142,O=C([C@@H](NS(C1=CC=CC2=C(N(C)C)C=CC=C21)(=O)=O)C)N[C@H](C(O)=O)CC(C)C,11.36,11.43
159,N[C@H](C(OS(C1=CC=CC2=C(N(C)C)C=CC=C21)(=O)=O)=O)CCONC(NS(C3=CC=CC4=C(N(C)C)C=CC=C43)(=O)=O)=N,11.37,12.35
145,O=C(C1=CC=CC=C1N)C[C@@H](C(O)=O)NS(C2=CC=CC3=C(N(C)C)C=CC=C32)(=O)=O,11.44,11.6
168,O=C([C@H](CC1=CNC2=C1C=CC=C2)NS(C3=CC=CC4=C(N(C)C)C=CC=C43)(=O)=O)O,11.44,12.85
175,O=C(O)C1=CC=C(NS(C2=CC=CC3=C(N(C)C)C=CC=C32)(=O)=O)C=C1,11.52,13.28
158,N=C(NS(C1=CC=CC2=C(N(C)C)C=CC=C21)(=O)=O)NOCC[C@@H](C(O)=O)NS(C3=CC=CC4=C(N(C)C)C=CC=C43)(=O)=O,11.59,12.3
112,O/C(CNS(C1=CC=CC2=C(N(C)C)C=CC=C21)(=O)=O)=N\C(C(O)=O)CC3=CC=CC=C3,11.65,9.79
179,OC(C(C1=CC=CC=C1)NS(C2=CC=CC3=C(N(C)C)C=CC=C32)(=O)=O)=O,11.69,13.58
182,OC(C1=CC(NS(C2=CC=CC3=C(N(C)C)C=CC=C32)(=O)=O)=CC=C1)=O,11.76,13.64
176,OC1=C(I)C=C(C=C1I)C[C@](C(O)=O)([H])NS(C2=CC=CC3=C(N(C)C)C=CC=C32)(=O)=O,11.82,13.31
172,OC(COC1=CC=C(CC(N)=O)C=C1)CN(S(C2=CC=CC3=C(N(C)C)C=CC=C32)(=O)=O)C(C)C,11.91,13.14
187,O=C(C1=CC=CC=C1NC2=O)C[C@H]2NS(C3=CC=CC4=C(N(C)C)C=CC=C43)(=O)=O,11.97,14.17
201,CC1=NC=C(CO)C(C=O)=C1OS(C2=CC=CC3=C(N(C)C)C=CC=C32)(=O)=O,12.01,14.38
110,ONS(C1=CC=CC2=C(N(C)C)C=CC=C21)(=O)=O,12.02,9.7
153,O=C([C@@H](NS(C1=CC=CC2=C(N(C)C)C=CC=C21)(=O)=O)C)N[C@H](C(O)=O)CC3=CC=CC=C3,12.11,12.05
164,OC(C1=CN=C(OS(C2=CC=CC3=C(N(C)C)C=CC=C32)(=O)=O)C=C1)=O,12.21,12.75
156,CN(S(C1=CC=CC2=C(N(C)C)C=CC=C21)(=O)=O)C3=NC=NC4=C3NC=N4,12.22,12.18
183,OC(C1=C(C(NS(C2=CC=CC3=C(N(C)C)C=CC=C32)(=O)=O)=CC=C1)O)=O,12.22,13.7
188,OC([C@@H](NS(C1=CC=CC2=C(N(C)C)C=CC=C21)(=O)=O)CCC[C@@H](C(O)=O)NS(C3=CC=CC4=C(N(C)C)C=CC=C43)(=O)=O)=O,12.3,14.18
167,CNC1=NC=NC2=C1N(S(C3=CC=CC4=C(N(C)C)C=CC=C43)(=O)=O)C=N2,12.74,12.84
177,OC([C@@H](NS(C1=CC=CC2=C(N(C)C)C=CC=C21)(=O)=O)CC3=CC=CC=C3)=O,12.74,13.45
206,O[C@@H](C1=CC(OC)=C(OS(C2=CC=CC3=C(N(C)C)C=CC=C32)(=O)=O)C=C1)C(O)=O,12.81,14.58
205,OC(C(O)=O)C1=CC(OS(C2=CC=CC3=C(N(C)C)C=CC=C32)(=O)=O)=CC=C1,12.94,14.54
185,N[C@H](C(OS(C1=CC=CC2=C(N(C)C)C=CC=C21)(=O)=O)=O)CCC[C@@H](C(OS(C3=CC=CC4=C(N(C)C)C=CC=C43)(=O)=O)=O)N,12.96,14.03
193,CC(C)C[C@H](NS(C1=CC=CC2=C(N(C)C)C=CC=C21)(=O)=O)C(N3CCC[C@H]3C(O)=O)=O,12.99,14.26
180,OC([C@H]([C@@H](C)CC)NS(C1=CC=CC2=C(N(C)C)C=CC=C21)(=O)=O)=O,13.06,13.63
169,O=C(N1CCC[C@H]1C(O)=O)[C@@H](NS(C2=CC=CC3=C(N(C)C)C=CC=C32)(=O)=O)CC4=CC=CC=C4,13.13,12.92
181,CC[C@H]([C@@H](C(O)=O)NS(C1=CC=CC2=C(N(C)C)C=CC=C21)(=O)=O)C,13.2,13.63
151,CC1=CN(S(C2=CC=CC3=C(N(C)C)C=CC=C32)(=O)=O)C(NC1=O)=O,13.21,12.02
143,CN(C)C1=C(C=CC=C2S(=O)(N3CCCCC3C(O)=O)=O)C2=CC=C1,13.23,11.48
191,O=C(O)[C@H](CCSCC(NS(C1=CC=CC2=C(N(C)C)C=CC=C21)(=O)=O)C(O)=O)NS(C3=CC=CC4=C(N(C)C)C=CC=C43)(=O)=O,13.33,14.23
190,OC([C@@H](NS(C1=CC=CC2=C(N(C)C)C=CC=C21)(=O)=O)CCSC[C@H](NS(C3=CC=CC4=C(N(C)C)C=CC=C43)(=O)=O)C(O)=O)=O,13.34,14.23
165,OC([C@@H](NS(C1=CC=CC2=C(N(C)C)C=CC=C21)(=O)=O)CC(C)C)=O,13.36,12.82
144,O=C(O)[C@H]1N(S(C2=CC=CC3=C(N(C)C)C=CC=C32)(=O)=O)CCCC1,13.45,11.48
160,OC(/C=C/C1=CN(S(C2=CC=CC3=C(N(C)C)C=CC=C32)(=O)=O)C=N1)=O,13.52,12.38
210,O=C1CCCN1S(C2=CC=CC3=C(N(C)C)C=CC=C32)(=O)=O,13.57,14.8
157,O=C([C@@H](NS(C1=CC=CC2=C(N(C)C)C=CC=C21)(=O)=O)CC(O)=O)N[C@H](C(O)=O)CCCCNS(C3=CC=CC4=C(N(C)C)C=CC=C43)(=O)=O,13.61,12.22
200,N[C@@H](CCSCC(N)C(OS(C1=CC=CC2=C(N(C)C)C=CC=C21)(=O)=O)=O)C(OS(C3=CC=CC4=C(N(C)C)C=CC=C43)(=O)=O)=O,13.61,14.38
189,O=C([C@@H](NS(C1=CC=CC2=C(N(C)C)C=CC=C21)(=O)=O)CC3=CC=CC=C3)N[C@H](C(O)=O)C(C)C,13.62,14.19
178,OC(C(C)(C)N(S(C1=CC=CC2=C(N(C)C)C=CC=C21)(=O)=O)C)=O,13.65,13.46
199,N[C@H](C(OS(C1=CC=CC2=C(N(C)C)C=CC=C21)(=O)=O)=O)CCSC[C@H](N)C(OS(C3=CC=CC4=C(N(C)C)C=CC=C43)(=O)=O)=O,13.69,14.38
130,O=C(O)C[C@H](NS(C1=CC=CC2=C(N(C)C)C=CC=C21)(=O)=O)C(N[C@H](C(OC)=O)CC3=CC=CC=C3)=O,13.72,10.78
173,OC(CNS(C1=CC=CC2=C(N(C)C)C=CC=C21)(=O)=O)C3=CC=CC=C3,13.77,13.16
170,O=C([C@@H](NS(C1=CC=CC2=C(N(C)C)C=CC=C21)(=O)=O)CC3=CC=CC=C3)N[C@H](C(O)=O)CCSC,13.87,12.92
174,O[C@@H](CNS(C1=CC=CC2=C(N(C)C)C=CC=C21)(=O)=O)CC[C@H](NS(C3=CC=CC4=C(N(C)C)C=CC=C43)(=O)=O)C(O)=O,13.88,13.26
162,CCCC[C@H](NS(C1=CC=CC2=C(N(C)C)C=CC=C21)(=O)=O)C(O)=O,14.11,12.54
213,O=C(O)[C@H](CSSC[C@H](NS(C1=CC=CC2=C(N(C)C)C=CC=C21)(=O)=O)C(O)=O)NS(C3=CC=CC4=C(N(C)C)C=CC=C43)(=O)=O,14.11,14.88
119,OC([C@@H](NS(C1=CC=CC2=C(N(C)C)C=CC=C21)(=O)=O)CS)=O,14.12,10.16
202,CN(C)C1=C(C=CC=C2S(N3C=CN=C3)(=O)=O)C2=CC=C1,14.29,14.47
186,CC(NCCC1=CNC2=C1C=C(OS(C3=CC=CC4=C(N(C)C)C=CC=C43)(=O)=O)C=C2)=O,14.32,14.05
196,O=C(O)C(O)CC1=CC=C(OS(C2=CC=CC3=C(N(C)C)C=CC=C32)(=O)=O)C=C1,14.39,14.33
197,CC(CC(/N=C(O)/C(NS(C1=CC=CC2=C(N(C)C)C=CC=C21)(=O)=O)CC3=CNC4=CC=CC=C34)C(O)=O)C,14.6,14.34
211,CN(S(C1=CC=CC2=C(N(C)C)C=CC=C21)(=O)=O)C,15.07,14.82
141,SCCNS(C1=CC=CC2=C(N(C)C)C=CC=C21)(=O)=O,15.08,11.4
207,OC(CC1=CNC2=C1C=C(OS(C3=CC=CC4=C(N(C)C)C=CC=C43)(=O)=O)C=C2)=O,15.09,14.6
216,OC(C(C[Se][Se]CC(C(O)=O)NS(C1=CC=CC2=C(N(C)C)C=CC=C21)(=O)=O)NS(C3=CC=CC4=C(N(C)C)C=CC=C43)(=O)=O)=O,15.09,15
217,O[C@@H](C1=CC=CC=C1)[C@@H](C)NS(C2=CC=CC3=C(N(C)C)C=CC=C32)(=O)=O,15.13,15.13
194,N=C(NS(C1=CC=CC2=C(N(C)C)C=CC=C21)(=O)=O)NCCCCNS(C3=CC=CC4=C(N(C)C)C=CC=C43)(=O)=O,15.28,14.29
161,O=C(OS(C1=CC=CC2=C(N(C)C)C=CC=C21)(=O)=O)C3=CN=C(O)C=C3,15.32,12.47
203,O=C(C(CC1=CNC2=C1C=CC=C2)NS(C3=CC=CC4=C(N(C)C)C=CC=C43)(=O)=O)NC(C(O)=O)CC5=CC=CC=C5,15.36,14.48
208,CN1C2=C(N(S(C3=CC=CC4=C(N(C)C)C=CC=C43)(=O)=O)C=N2)C(N(C)C1=O)=O,15.42,14.64
209,OCCC1=CNC2=CC=C(OS(C3=CC=CC4=C(N(C)C)C=CC=C43)(=O)=O)C=C21,15.55,14.71
249,O=C(O)C1=C(OS(C2=CC=CC3=C(N(C)C)C=CC=C32)(=O)=O)C=CC=C1,15.62,18.05
228,OC([C@H](CNS(C1=CC=CC2=C(N(C)C)C=CC=C21)(=O)=O)NS(C3=CC=CC4=C(N(C)C)C=CC=C43)(=O)=O)=O,15.65,16.45
242,O=C(O)C1=CC=C(OC)C(OS(C2=CC=CC3=C(N(C)C)C=CC=C32)(=O)=O)=C1,15.69,17.63
214,CC(CC(NS(C1=CC=CC2=C(N(C)C)C=CC=C21)(=O)=O)/C(O)=N/C(C(O)=O)CC3=CNC4=CC=CC=C34)C,15.77,14.88
222,O=C(O)C(NS(C1=CC=CC2=C(N(C)C)C=CC=C21)(=O)=O)CCNS(C3=CC=CC4=C(N(C)C)C=CC=C43)(=O)=O,15.8,16.01
198,O=C(O)[C@@H](CCSSCCC(C(O)=O)NS(C1=CC=CC2=C(N(C)C)C=CC=C21)(=O)=O)NS(C3=CC=CC4=C(N(C)C)C=CC=C43)(=O)=O,15.82,14.35
259,CC(C[C@H](N(S(C1=CC=CC2=C(N(C)C)C=CC=C21)(=O)=O)C3=CC=CC=C3)C(O)=O)C,15.9,18.91
212,O=CC(CNS(C1=CC=CC2=C(N(C)C)C=CC=C21)(=O)=O)=C,16.29,14.83
219,NC1=CC=C(OS(C2=CC=CC3=C(N(C)C)C=CC=C32)(=O)=O)C=C1,16.3,15.74
236,OC(C1=C(C(OS(C2=CC=CC3=C(N(C)C)C=CC=C32)(=O)=O)=CC=C1)O)=O,16.31,17.26
232,O=C(C)NC(C=C1)=CC=C1OS(C2=CC=CC3=C(N(C)C)C=CC=C32)(=O)=O,16.35,17.02
244,OC(C(C=C1OC)=C(C=C1)OS(C2=CC=CC3=C(N(C)C)C=CC=C32)(=O)=O)=O,16.38,17.74
230,O=C(O)CC1=C(OS(C2=CC=CC3=C(N(C)C)C=CC=C32)(=O)=O)C=CC=C1,16.42,16.75
239,COC1=CC(CC(O)=O)=CC=C1OS(C2=CC=CC3=C(N(C)C)C=CC=C32)(=O)=O,16.51,17.38
227,COC(C=C1)=CC2=C1NC=C2CCNS(C3=CC=CC4=C(N(C)C)C=CC=C43)(=O)=O,16.52,16.29
218,O=C([C@@H](NS(C1=CC=CC2=C(N(C)C)C=CC=C21)(=O)=O)CC3=CC=CC=C3)N[C@H](C(O)=O)CC4=CC=CC=C4,16.55,15.57
224,O=C(O)[C@@H](NS(C1=CC=CC2=C(N(C)C)C=CC=C21)(=O)=O)CCCNS(C3=CC=CC4=C(N(C)C)C=CC=C43)(=O)=O,16.58,16.09
220,O=C([C@@H](NS(C1=CC=CC2=C(N(C)C)C=CC=C21)(=O)=O)CC(C)C)N[C@H](C(O)=O)CC3=CC=CC=C3,16.59,15.85
204,O=C(O)C1=CC=CC=C1NS(C2=CC=CC3=C(N(C)C)C=CC=C32)(=O)=O,16.62,14.52
231,OC(CC1=CC(OS(C2=CC=CC3=C(N(C)C)C=CC=C32)(=O)=O)=CC=C1)=O,16.72,16.92
253,CC1=C(OS(C2=CC=CC3=C(N(C)C)C=CC=C32)(=O)=O)C(C(O)=O)=CC=C1,16.8,18.4
235,CN(C)C1=C(C=CC=C2S(=O)(OC3=CC=C(CC(O)=O)C=C3)=O)C2=CC=C1,16.91,17.19
233,OC(C1=C(C=CC(OS(C2=CC=CC3=C(N(C)C)C=CC=C32)(=O)=O)=C1)O)=O,17.11,17.14
251,CN(C)C1=C(C=CC=C2S(NC3=CC=CC=C3)(=O)=O)C2=CC=C1,17.32,18.31
240,O=C(O)C1=CC(OC)=C(OS(C2=CC=CC3=C(N(C)C)C=CC=C32)(=O)=O)C=C1,17.34,17.57
223,OC([C@@H](NS(C1=CC=CC2=C(N(C)C)C=CC=C21)(=O)=O)CCCCNS(C3=CC=CC4=C(N(C)C)C=CC=C43)(=O)=O)=O,17.47,16.02
254,OC(/C=C/C1=CC(OS(C2=CC=CC3=C(N(C)C)C=CC=C32)(=O)=O)=C(OC)C=C1)=O,17.49,18.42
238,OC(C1=CC=C(C=C1)OS(C2=CC=CC3=C(N(C)C)C=CC=C32)(=O)=O)=O,17.57,17.29
229,CC1=C(OS(C2=CC=CC3=C(N(C)C)C=CC=C32)(=O)=O)C4=C(COC4)C=N1,18.01,16.75
226,CN(C)C1=C(C=CC=C2S(NCCC3=CNC4=C3C=CC=C4)(=O)=O)C2=CC=C1,18.03,16.26
234,OC(CCC1=CC=C(OS(C2=CC=CC3=C(N(C)C)C=CC=C32)(=O)=O)C=C1)=O,18.04,17.16
245,COC1=CC(C(O)=O)=CC(OC)=C1OS(C2=CC=CC3=C(N(C)C)C=CC=C32)(=O)=O,18.1,17.83
256,OC(/C=C/C1=CC(OC)=C(OS(C2=CC=CC3=C(N(C)C)C=CC=C32)(=O)=O)C=C1)=O,18.47,18.57
266,OC(/C=C/C1=CC(OS(C2=CC=CC3=C(N(C)C)C=CC=C32)(=O)=O)=CC=C1)=O,18.51,19.44
221,CN(C1=NC=NC2=C1N(S(C3=CC=CC4=C(N(C)C)C=CC=C43)(=O)=O)C=N2)C,18.56,15.99
270,CC(NS(C1=CC=CC2=C(N(C)C)C=CC=C21)(=O)=O)C3=CC=CC=C3,18.63,20.02
258,IC1=C(OC2=CC(I)=C(O)C=C2)C(I)=CC(C[C@H](NS(C3=CC=CC4=C(N(C)C)C=CC=C43)(=O)=O)C(O)=O)=C1,19.14,18.6
237,OC(C1=CN(S(C2=CC=CC3=C(N(C)C)C=CC=C32)(=O)=O)C4=CC=CC=C41)=O,19.27,17.28
257,O[C@@H](C1=CC=CC=C1)[C@H](C)N(S(C2=CC=CC3=C(N(C)C)C=CC=C32)(=O)=O)C,19.38,18.57
247,O=C(O)C1=CC=C(OS(C2=CC=CC3=C(N(C)C)C=CC=C32)(=O)=O)C(C)=C1,19.43,17.89
243,O=C(/C=C/C1=CC(OS(C2=CC=CC3=C(N(C)C)C=CC=C32)(=O)=O)=C(O)C=C1)O[C@@H]4C[C@](O)(C(O)=O)C[C@@H](O)[C@H]4O,19.45,17.73
280,OCC(C=N1)=C(CNS(C2=CC=CC3=C(N(C)C)C=CC=C32)(=O)=O)C(OS(C4=CC=CC5=C(N(C)C)C=CC=C54)(=O)=O)=C1C,19.47,21.58
241,O=C(N[C@H](C(N[C@H](C(O)=O)CC1=CC=CC=C1)=O)CC2=CC=CC=C2)[C@@H](NS(C3=CC=CC4=C(N(C)C)C=CC=C43)(=O)=O)CC5=CC=CC=C5,19.95,17.57
225,O=C(C(C=C1)=CC=C1NS(C2=CC=CC3=C(N(C)C)C=CC=C32)(=O)=O)OCC,20.08,16.12
261,O=C([C@H](CC1=CC=C(C=C1)OS(C2=CC=CC3=C(N(C)C)C=CC=C32)(=O)=O)NS(C4=CC=CC5=C(N(C)C)C=CC=C54)(=O)=O)NCC(O)=O,20.19,18.92
269,O=C(O)[C@H](CC1=CNC2=C1C=C(OS(C3=CC=CC4=C(N(C)C)C=CC=C43)(=O)=O)C=C2)NS(C5=CC=CC6=C(N(C)C)C=CC=C65)(=O)=O,20.29,19.96
298,C[C@@]12[C@@H](O)[C@H](O)C[C@@]1([H])[C@@]3([H])[C@@]([H])(C(C=CC(OS(C4=CC=CC5=C(N(C)C)C=CC=C54)(=O)=O)=C6)=C6CC3)CC2,20.36,23.24
263,CN(C)C1=C(C=CC=C2S(=O)(NCCCNS(C3=CC=CC4=C(N(C)C)C=CC=C43)(=O)=O)=O)C2=CC=C1,20.49,18.96
246,OC(/C=C/C1=CN(S(C2=CC=CC3=C(N(C)C)C=CC=C32)(=O)=O)C4=C1C=CC=C4)=O,20.61,17.85
248,O=C1C[C@@H](C(C1)C)NS(C2=CC=CC3=C(N(C)C)C=CC=C32)(=O)=O,20.77,17.98
271,CC(C(O)=O)NC(C(CC1=CC=C(C=C1)OS(C2=CC=CC3=C(N(C)C)C=CC=C32)(=O)=O)NS(C4=CC=CC5=C(N(C)C)C=CC=C54)(=O)=O)=O,20.86,20.05
265,O=C([C@@]1(C[C@H]([C@H]([C@@H](C1)OC(/C=C/c2cc(O)c(OS(C3=CC=CC4=C3C=CC=C4N(C)C)(=O)=O)cc2)=O)O)O)O)O,21.24,19.18
260,CN(C)C1=C(C=CC=C2S(NCCCCNS(C3=CC=CC4=C(N(C)C)C=CC=C43)(=O)=O)(=O)=O)C2=CC=C1,21.27,18.92
252,O[C@@H](C1=CC(OC)=C(OS(C2=CC=CC3=C(N(C)C)C=CC=C32)(=O)=O)C4=C1)C4=O,21.31,18.32
255,O=C(CNS(C1=CC=CC2=C(N(C)C)C=CC=C21)(=O)=O)N[C@H](C(O)=O)CC3=CC=C(OS(C4=CC=CC5=C(N(C)C)C=CC=C54)(=O)=O)C=C3,21.63,18.52
293,O=CC1=CC(OS(C2=CC=CC3=C(N(C)C)C=CC=C32)(=O)=O)=CC=C1,21.64,22.89
268,OC(C1=CC=C(OS(C2=CC=CC3=C(N(C)C)C=CC=C32)(=O)=O)C(OS(C4=CC=CC5=C(N(C)C)C=CC=C54)(=O)=O)=C1)C(O)=O,21.73,19.94
272,O=C([C@@H](NS(C1=CC=CC2=C(N(C)C)C=CC=C21)(=O)=O)C)N[C@H](C(O)=O)CC3=CC=C(OS(C4=CC=CC5=C(N(C)C)C=CC=C54)(=O)=O)C=C3,21.85,20.22
267,OC(COC(C=C1)=CC=C1CCOC)CN(S(C2=CC=CC3=C(N(C)C)C=CC=C32)(=O)=O)C(C)C,22.09,19.68
279,OC(C(CC1=CC=CC=C1OS(C2=CC=CC3=C(N(C)C)C=CC=C32)(=O)=O)NS(C4=CC=CC5=C(N(C)C)C=CC=C54)(=O)=O)=O,22.38,21.52
275,N=C(NS(C1=CC=CC2=C(N(C)C)C=CC=C21)(=O)=O)N(S(C3=CC=CC4=C(N(C)C)C=CC=C43)(=O)=O)C,22.52,21.06
283,COC(C=CC=C1)=C1OS(C2=CC=CC3=C(N(C)C)C=CC=C32)(=O)=O,22.54,21.92
273,[O-][N+](C1=CC(C[C@@H](C(O)=O)NS(C2=CC=CC3=C(N(C)C)C=CC=C32)(=O)=O)=CC=C1OS(C4=CC=CC5=C(N(C)C)C=CC=C54)(=O)=O)=O,22.61,20.61
297,[O-][N+](C1=C2C(C[C@@H](C2=O)NS(C3=CC=CC4=C(N(C)C)C=CC=C43)(=O)=O)=CC=C1OS(C5=CC=CC6=C(N(C)C)C=CC=C65)(=O)=O)=O,22.61,23.1
277,OC([C@@H](NS(C1=CC=CC2=C(N(C)C)C=CC=C21)(=O)=O)CC3=CC=C(OS(C4=CC=CC5=C(N(C)C)C=CC=C54)(=O)=O)C=C3)=O,22.65,21.32
282,CC(C(/N=C(O)/C(NS(C1=CC=CC2=C(N(C)C)C=CC=C21)(=O)=O)CC3=CC=C(OS(C4=CC=CC5=C(N(C)C)C=CC=C54)(=O)=O)C=C3)C(O)=O)C,22.83,21.82
295,CN(C)C1=C(C=CC=C2S(OC3=CC=CC=C3)(=O)=O)C2=CC=C1,23.16,23.03
300,O=C(C(CC1=CNC2=C1C=CC=C2)NS(C3=CC=CC4=C(N(C)C)C=CC=C43)(=O)=O)NC(C(O)=O)CC5=CC=C(C=C5)OS(C6=CC=CC7=C(N(C)C)C=CC=C76)(=O)=O,23.25,23.34
278,OC(CNS(C1=CC=CC2=C(N(C)C)C=CC=C21)(=O)=O)C3=CC=C(OS(C4=CC=CC5=C(N(C)C)C=CC=C54)(=O)=O)C(OC)=C3,23.41,21.35
305,[O-][N+](C1=CC=C(OS(C2=CC=CC3=C(N(C)C)C=CC=C32)(=O)=O)C=C1)=O,23.45,23.91
274,OC(C(NS(C1=CC=CC2=C(N(C)C)C=CC=C21)(=O)=O)CC3=CC(Cl)=C(OS(C4=CC=CC5=C(N(C)C)C=CC=C54)(=O)=O)C=C3)=O,23.57,20.72
285,COC1=CC(OS(C2=CC=CC3=C(N(C)C)C=CC=C32)(=O)=O)=CC(OC)=C1,23.75,22.15
286,CC(CC(/N=C(O)/C(NS(C1=CC=CC2=C(N(C)C)C=CC=C21)(=O)=O)CC3=CC=C(OS(C4=CC=CC5=C(N(C)C)C=CC=C54)(=O)=O)C=C3)C(O)=O)C,23.77,22.42
291,O=C(O)CC1=CC(OS(C2=CC=CC3=C(N(C)C)C=CC=C32)(=O)=O)=C(OS(C4=CC=CC5=C(N(C)C)C=CC=C54)(=O)=O)C=C1,23.9,22.8
299,C[C@@]12[C@H](O)[C@H](O)C[C@@]1([H])[C@@]3([H])[C@@]([H])(C(C=CC(OS(C4=CC=CC5=C(N(C)C)C=CC=C54)(=O)=O)=C6)=C6CC3)CC2,23.93,23.24
294,O=C(C(CC(C)C)NS(C1=CC=CC2=C(N(C)C)C=CC=C21)(=O)=O)NC(C(O)=O)CC3=CC=C(C=C3)OS(C4=CC=CC5=C(N(C)C)C=CC=C54)(=O)=O,23.98,22.96
276,OC(C1=C(OS(C2=CC=CC3=C(N(C)C)C=CC=C32)(=O)=O)C(O)=C(OS(C4=CC=CC5=C(N(C)C)C=CC=C54)(=O)=O)C=C1)=O,24.1,21.2
290,O=C(O)[C@@](CC1=CC(I)=C(OS(C2=CC=CC3=C(N(C)C)C=CC=C32)(=O)=O)C(I)=C1)([H])NS(C4=CC=CC5=C(N(C)C)C=CC=C54)(=O)=O,24.18,22.61
302,O=C([C@@H](NS(C1=CC=CC2=C(N(C)C)C=CC=C21)(=O)=O)CC3=CC=CC=C3)N[C@H](C(O)=O)CC4=CC=C(OS(C5=CC=CC6=C(N(C)C)C=CC=C65)(=O)=O)C=C4,24.22,23.6
307,CC1=CC=CC(OS(C2=CC=CC3=C(N(C)C)C=CC=C32)(=O)=O)=C1,24.44,24.04
296,OC(C1=CC(OS(C2=CC=CC3=C(N(C)C)C=CC=C32)(=O)=O)=C(C=C1)OS(C4=CC=CC5=C(N(C)C)C=CC=C54)(=O)=O)=O,24.51,23.03
308,CC1=CC=C(OS(C2=CC=CC3=C(N(C)C)C=CC=C32)(=O)=O)C=C1,24.54,24.25
303,CC1=CC=CC=C1OS(C2=CC=CC3=C(N(C)C)C=CC=C32)(=O)=O,24.6,23.81
289,CN(C)C1=C(C=CC=C2S(OC3=CC(C(CCNS(C4=CC=CC5=C(N(C)C)C=CC=C54)(=O)=O)=CN6)=C6C=C3)(=O)=O)C2=CC=C1,24.65,22.52
292,OC(C1=C(C=CC(OS(C2=CC=CC3=C(N(C)C)C=CC=C32)(=O)=O)=C1)OS(C4=CC=CC5=C(N(C)C)C=CC=C54)(=O)=O)=O,24.69,22.89
288,OC(CC1=C(OS(C2=CC=CC3=C(N(C)C)C=CC=C32)(=O)=O)C=CC(OS(C4=CC=CC5=C(N(C)C)C=CC=C54)(=O)=O)=C1)=O,24.84,22.51
281,OC(COC1=CC=CC2=CC=CC=C12)CN(S(C3=CC=CC4=C(N(C)C)C=CC=C43)(=O)=O)C(C)C,24.95,21.79
311,CN(C)C1=C(C=CC=C2S(OC3=CC=C(NS(C4=CC=CC5=C(N(C)C)C=CC=C54)(=O)=O)C=C3)(=O)=O)C2=CC=C1,25.04,25.02
312,O[C@H](C1=CC(OS(C2=CC=CC3=C(N(C)C)C=CC=C32)(=O)=O)=CC=C1)CN(S(C4=CC=CC5=C(N(C)C)C=CC=C54)(=O)=O)C,25.39,25.08
287,O=C(O)[C@H](CC1=CC=C(C=C1)OC2=CC=C(C=C2)OS(C3=CC=CC4=C(N(C)C)C=CC=C43)(=O)=O)NS(C5=CC=CC6=C(N(C)C)C=CC=C65)(=O)=O,25.44,22.48
309,CN(C)C1=C(C=CC=C2S(=O)(NCCC3=CC(OC)=C(C=C3)OS(C4=CC=CC5=C(N(C)C)C=CC=C54)(=O)=O)=O)C2=CC=C1,25.49,24.56
304,CCC1=CC=C(OS(C2=CC=CC3=C(N(C)C)C=CC=C32)(=O)=O)C=C1,25.63,23.82
306,CN(C)C1=C(C=CC=C2S(OC3=CC=C(CCNS(C4=CC=CC5=C(N(C)C)C=CC=C54)(=O)=O)C=C3)(=O)=O)C2=CC=C1,25.83,23.92
310,ClC1=CC=C(OS(C2=CC=CC3=C(N(C)C)C=CC=C32)(=O)=O)C(Cl)=C1,26.3,24.61
301,O=C(O)C1=NC2=C(OS(C3=CC=CC4=C(N(C)C)C=CC=C43)(=O)=O)C=CC=C2C(OS(C5=CC=CC6=C(N(C)C)C=CC=C65)(=O)=O)=C1,26.34,23.58
314,CN(C)C1=C(C=CC=C2S(OC3=CC=CC=C3OS(C4=CC=CC5=C(N(C)C)C=CC=C54)(=O)=O)(=O)=O)C2=CC=C1,26.7,26.52
313,IC1=C(OS(C2=CC=CC3=C(N(C)C)C=CC=C32)(=O)=O)C(I)=CC(OC4=C(I)C=C(C[C@H](NS(C5=CC=CC6=C(N(C)C)C=CC=C65)(=O)=O)C(O)=O)C=C4I)=C1,27.74,26.03
